Materials,Manager,Inventory
1459,Owen,4669
1502,Owen,4806
1492,Owen,4774
1120,Purcell,3584
1483,Owen,4746
1136,Purcell,3635
1123,Purcell,3594
1542,Owen,4934
1484,Owen,4749
1379,Owen,4413
1406,Owen,4499
1487,Owen,4758
1138,Purcell,3642
1529,Owen,4893
1142,Purcell,3654
1127,Purcell,3606
1457,Owen,4662
1479,Owen,4733
1407,Owen,4502
1105,Purcell,3536
1126,Purcell,3603
1434,Owen,4589
1127,Purcell,3606
1457,Owen,4662
1109,Purcell,3549
1236,Purcell,3955
1188,Purcell,3802
1512,Owen,4838
1131,Purcell,3619
1108,Purcell,3546
1135,Purcell,3632
1416,Owen,4531
1170,Purcell,3744
1417,Owen,4534
1381,Owen,4419
1248,Purcell,3994
1171,Purcell,3747
1471,Owen,4707
1142,Purcell,3654
1161,Purcell,3715
1135,Purcell,3632
1500,Owen,4800
